city,state,zipcode,county,employer_name,case_number
JERSEY CITY ,NEW JERSEY ,07310-1616 ,HUDSON ,"AIRYSOFT, INC ",I-200-16362-554191 
JERSEY CITY ,NEW JERSEY ,07310-1616 ,HUDSON ,"AIRYSOFT, INC ",I-200-16362-012420 
TEMPLE TERRACE ,FLORIDA ,33637 ,HILLSBOROUGH ,"AIRYSOFT, INC. ",I-200-16351-971730 
NEWARK ,DELAWARE ,19702 ,NEW CASTLE ,"AIRYSOFT, INC. ",I-200-16349-805356 
SAN JOSE ,CALIFORNIA ,95134 ,SANTA CLARA ,"AIRYSOFT, INC. ",I-200-16336-769907 
DALLAS ,TEXAS ,75202 ,DALLAS ,"AIRYSOFT, INC. ",I-200-16336-422685 
WEST DES MOINES ,IOWA ,50266 ,POLK ,"AIRYSOFT, INC. ",I-200-16326-361770 
NEW YORK ,NEW YORK ,10004 ,NEW YORK ,"AIRYSOFT, INC. ",I-200-16324-031921 
SACRAMENTO ,CALIFORNIA ,95811 ,SACRAMENTO ,"AIRYSOFT, INC. ",I-200-16321-546275 
JERSEY CITY ,NEW JERSEY ,07310 ,HUDSON ,"AIRYSOFT, INC. ",I-200-16316-054557 
OVERLAND PARK ,KANSAS ,66221 ,JOHNSON ,"AIRYSOFT, INC. ",I-200-16285-731357 
CHICAGO ,ILLINOIS ,60606 ,COOK ,"AIRYSOFT, INC ",I-200-16197-442220 
SAN LEANDRO ,CALIFORNIA ,94577 ,ALAMEDA ,"AIRYSOFT, INC ",I-200-16197-197289 
COLUMBUS ,OHIO ,43230 ,FRANKLIN ,BNS INTERNATIONAL INC ,I-200-16341-751454 
HARRISBURG ,PENNSYLVANIA ,17101 ,DAUPHIN ,BNS INTERNATIONAL INC ,I-200-16340-679294 
COLUMBUS ,OHIO ,43230 ,FRANKLIN ,BNS INTERNATIONAL INC ,I-200-16285-732974 
PROVIDENCE ,RHODE ISLAND ,02903 ,PROVIDENCE ,BNS INTERNATIONAL INC ,I-200-16222-855618 
BELLEVUE ,WASHINGTON ,98004 ,KING ,"APPTIO, INC. ",I-200-16285-832085 
BELLEVUE ,WASHINGTON ,98004 ,KING ,"APPTIO, INC. ",I-200-16285-734039 
BERKLEY ,CALIFORNIA ,94704 ,ALAMEDA COUNTY ,US TEKRECRUIT LLC ,I-200-16285-739201 
CORNELIUS ,NORTH CAROLINA ,28031 ,MECKLENBURG ,"INTERSOFT DATA LABS, INC. ",I-200-16335-172549 
WESTCHESTER ,ILLINOIS ,60162 ,COOK ,"INTERSOFT DATA LABS, INC. ",I-200-16295-874843 
WESTCHESTER ,ILLINOIS ,60162 ,COOK ,"INTERSOFT DATA LABS, INC. ",I-200-16285-742252 
WESTCHESTER ,ILLINOIS ,60162 ,COOK ,"INTERSOFT DATA LABS, INC. ",I-200-16252-293349 
WESTCHESTER ,ILLINOIS ,60154 ,COOK ,"INTERSOFT DATA LABS, INC. ",I-200-16238-854054 
WESTCHESTER ,ILLINOIS ,60154 ,COOK ,"INTERSOFT DATA LABS, INC. ",I-200-16230-320686 
KEW GARDENS ,NEW YORK ,11415 ,QUEENS ,INFORICK CORP. ,I-200-16285-743691 
KEW GARDENS ,NEW YORK ,11415 ,QUEENS ,INFORICK CORP. ,I-200-16285-981898 
CHICAGO ,ILLINOIS ,60603 ,COOK ,"COEUR MINING, INC ",I-200-16285-743780 
PRINCETON ,NEW JERSEY ,08540 ,MERCER ,"TRINITY PARTNERS, LLC ",I-200-16298-101442 
WALTHAM ,MASSACHUSETTS ,02451 ,MIDDLESEX ,"TRINITY PARTNERS, LLC ",I-200-16286-175507 
SAN ANTONIO ,TEXAS ,78207 ,BEXAR ,UNIVERSITY OF TEXAS AT SAN ANTONIO ,I-200-16286-113212 
SAN ANTONIO ,TEXAS ,78207 ,BEXAR ,UNIVERSITY OF TEXAS AT SAN ANTONIO ,I-200-16285-749180 
SAN ANTONIO ,TEXAS ,78249 ,BEXAR ,UNIVERSITY OF TEXAS AT SAN ANTONIO ,I-200-16194-318570 
SAN BRUNO ,CALIFORNIA ,94066 ,SAN MATEO ,ANNIK INC. ,I-200-16333-219739 
SAN BRUNO ,CALIFORNIA ,94066 ,SAN MATEO ,ANNIK INC. ,I-200-16285-752877 
NEWARK ,DELAWARE ,19711 ,NEW CASTLE ,"QPS, LLC ",I-200-16236-035828 
CEDAR RAPIDS ,IOWA ,52402 ,LINN ,AA SOLUTIONS INC ,I-200-16293-596548 
CEDAR RAPIDS ,IOWA ,52498 ,LINN ,AA SOLUTIONS INC ,I-200-16293-398413 
CEDAR RAPIDS ,NEBRASKA ,52498 ,BOONE ,AA SOLUTIONS INC ,I-200-16285-760147 
MENLO PARK ,CALIFORNIA ,94025 ,SAN MATEO ,ORRION LLC ,I-200-16292-747669 
SAN RAMON ,ILLINOIS ,94583 ,CONTRA COSTA ,ORRION LLC ,I-200-16285-761937 
MEMPHIS ,TENNESSEE ,38157 ,SHELBY ,"AICOMP CONSULTING, INC. ",I-200-16285-762766 
MALVERN ,PENNSYLVANIA ,19355 ,CHESTER ,"NMS CAPITAL ASSET MANAGEMENT, INC. ",I-200-16335-599019 
MALVERN ,PENNSYLVANIA ,19355 ,CHESTER ,"NMS CAPITAL ASSET MANAGEMENT, INC. ",I-200-16285-768338 
SOUTHFIELD ,MICHIGAN ,48075 ,MICHIGAN ,"NEXCESS.NET, LLC ",I-200-16285-768397 
NEW YORK ,NEW YORK ,10019 ,NEW YORK ,ELLIOT MANAGEMENT CORPORATION ,I-200-16285-768772 
NEW YORK ,NEW YORK ,10019 ,NEW YORK ,ELLIOT MANAGEMENT CORPORATION ,I-200-16153-279279 
PHILADELPHIA ,PENNSYLVANIA ,19103 ,PHILADELPHIA ,"INTERACTIVE BROADBAND CONSULTING GROUP, LLC ",I-200-16294-431089 
PHILADELPHIA ,PENNSYLVANIA ,19103 ,PHILADELPHIA ,"INTERACTIVE BROADBAND CONSULTING GROUP, LLC ",I-200-16173-664546 
HOUSTON ,TEXAS ,77002 ,HARRIS ,"LISKOW & LEWIS, APLC ",I-200-16291-872917 
HOUSTON ,TEXAS ,77002 ,HARRIS ,"LISKOW & LEWIS, APLC ",I-200-16291-412153 
HOUSTON ,TEXAS ,77002 ,HARRIS ,"LISKOW & LEWIS, APLC ",I-200-16291-767468 
LOMBARD ,ILLINOIS ,60148 ,DUPAGE ,"INNOVATIVE CONSULTING SOLUTIONS, LLC ",I-200-16341-116797 
SAN FRANCISCO ,CALIFORNIA ,94104 ,SAN FRANCISCO ,"INNOVATIVE CONSULTING SOLUTIONS, LLC ",I-200-16326-002734 
HOFFMAN ESTATES ,ILLINOIS ,60169 ,COOK ,"INNOVATIVE CONSULTING SOLUTIONS, LLC ",I-200-16319-272191 
SANTA CLARA ,CALIFORNIA ,95054 ,SANTA CLARA ,"INNOVATIVE CONSULTING SOLUTIONS, LLC ",I-200-16263-541889 
LAWRENCE ,KANSAS ,66046 ,DOUGLAS ,"INNOVATIVE CONSULTING SOLUTIONS, LLC ",I-200-16263-810181 
SOUTH SAN FRANCISCO ,CALIFORNIA ,94080 ,SAN MATEO ,"INNOVATIVE CONSULTING, INC. ",I-200-16302-067043 
RESTON ,VIRGINIA ,20190 ,FAIRFAX ,"INNOVATIVE CONSULTING SOLUTIONS, LLC ",I-200-16295-159324 
ATLANTA ,GEORGIA ,30334 ,FULTON ,"INNOVATIVE CONSULTING SOLUTIONS, LLC ",I-200-16293-924125 
PRINCETON ,NEW JERSEY ,08540 ,MERCER ,"INNOVATIVE CONSULTING SOLUTIONS, LLC ",I-200-16285-351198 
PORTLAND ,OREGON ,97229 ,OREGON ,"INNOVATIVE CONSULTING, INC. ",I-200-16285-771674 
CHICAGO ,ILLINOIS ,60601 ,COOK ,"INNOVATIVE CONSULTING SOLUTIONS, LLC ",I-200-16263-888172 
LINCOLNSHIRE ,ILLINOIS ,60069 ,LAKE ,"INNOVATIVE CONSULTING SOLUTIONS, LLC ",I-200-16171-643381 
YIGO ,GUAM ,96929 ,GUAM ,SMITHBRIDGE GUAM INC. ,I-200-16285-773094 
SAN CARLOS ,CALIFORNIA ,94070 ,SAN MATEO ,"NATERA, INC. ",I-200-16267-186311 
SAN CARLOS ,CALIFORNIA ,94070 ,SAN MATEO ,"NATERA, INC. ",I-200-16258-197053 
DEPEW ,NEW YORK ,14043 ,ERIE ,"HOWDEN NORTH AMERICA, INC. ",I-200-16285-778320 
ROANOKE ,VIRGINIA ,24012 ,ROANOKE ,ADVANCE AUTO BUSINESS SUPPORT LLC ,I-200-16298-789201 
ROANOKE ,VIRGINIA ,24012 ,ROANOKE ,ADVANCE AUTO BUSINESS SUPPORT LLC ,I-200-16298-763999 
ROANOKE ,VIRGINIA ,24012 ,ROANOKE ,ADVANCE AUTO BUSINESS SUPPORT LLC ,I-200-16232-549880 
RONAOKE ,VIRGINIA ,24012 ,ROANOKE ,ADVANCE AUTO BUSINESS SUPPORT LLC ,I-200-16166-421993 
ROANOKE ,VIRGINIA ,24012 ,ROANOKE ,ADVANCE AUTO BUSINESS SUPPORT LLC ,I-200-16158-955375 
ROANOKE ,VIRGINIA ,24012 ,ROANOKE ,ADVANCE AUTO BUSINESS SUPPORT LLC ,I-200-16146-258996 
ROANOKE ,VIRGINIA ,24012 ,ROANOKE ,ADVANCE AUTO BUSINESS SUPPORT LLC ,I-200-16146-726065 
BRODHEAD ,WISCONSIN ,53520 ,GREEN ,"KUHN NORTH AMERICA, INC. ",I-200-16285-793169 
SAN FRANCISCO ,CALIFORNIA ,94103 ,SAN FRANCISCO ,QUANTCAST CORPORATION ,I-200-16288-400563 
SEATTLE ,WASHINGTON ,98109 ,KING ,QUANTCAST CORPORATION ,I-200-16285-796722 
SAN FRANCISCO ,CALIFORNIA ,94103 ,SAN FRANCISCO ,QUANTCAST CORPORATION ,I-200-16264-086677 
SAN FRANCISCO ,CALIFORNIA ,94103 ,SAN FRANCISCO ,QUANTCAST CORPORATION ,I-200-16264-990378 
SAN FRANCISCO ,CALIFORNIA ,94103 ,SAN FRANCISCO ,QUANTCAST CORPORATION ,I-200-16159-801800 
ADDISON ,TEXAS ,75001 ,DALLAS ,"APPSTEK, INC ",I-200-16285-796769 
ADDISON ,TEXAS ,75001 ,DALLAS ,"APPSTEK, INC ",I-200-16267-379748 
GERMANTOWN ,MARYLAND ,20874 ,MONTGOMERY ,TECHNUF LLC ,I-200-16287-392526 
GERMANTOWN ,MARYLAND ,20874 ,MONTGOMERY ,TECHNUF LLC ,I-200-16285-813176 
JACKSONVILLE ,FLORIDA ,32256 ,DUVAL ,"ADTHEORENT, INC. ",I-200-16285-813302 
FREMONT ,CALIFORNIA ,94538 ,ALAMEDA ,BAYMINDS INC ,I-200-16285-813884 
BURLINGTON ,MASSACHUSETTS ,01803 ,MIDDLESEX ,EVERBRIDGE INC. ,I-200-16285-817886 
FREMONT ,CALIFORNIA ,94538 ,ALAMEDA ,MIVATEK INTERNATIONAL INC. ,I-200-16285-822665 
WHEATON ,ILLINOIS ,60187 ,DUPAGE ,WHEATON COLLEGE ,I-200-16285-825140 
ENGLEWOOD ,COLORADO ,80112 ,ARAPAHOE ,"GLOBAL TECHNOLOGY ASSOCIATES, LLC ",I-200-16293-641649 
TEMPE ,ARIZONA ,85281 ,MARICOPA ,"FIRST SOLAR ELECTRIC, LLC ",I-200-16314-144926 
BRIDGEWATER ,NEW JERSEY ,08807 ,SOMERSET ,"FIRST SOLAR ELECTRIC, LLC ",I-200-16120-379151 
BOCA RATON ,FLORIDA ,33496 ,PALM BEACH ,"REVASOFT IT SOLUTIONS, INC. ",I-200-16293-574893 
ISELIN ,NEW JERSEY ,08830 ,MIDDLESEX ,OPEN SYSTEMS TECHNOLOGIES INC ,I-200-16362-065250 
OVERLAND PARK ,KANSAS ,66213 ,JOHNSON ,ALEXANDER OPEN SYSTEMS INC ,I-200-16344-423750 
ALPHARETTA ,GEORGIA ,30005 ,GEORGIA ,"OPEN SYSTEMS, INC. ",I-200-16344-086298 
ALPHARETTA ,GEORGIA ,30005 ,GEORGIA ,"OPEN SYSTEMS, INC. ",I-200-16343-709580 
ALPHARETTA ,GEORGIA ,30005 ,GEORGIA ,"OPEN SYSTEMS, INC. ",I-200-16335-949537 
TAMPA ,FLORIDA ,33610 ,HILLSBOROUGH ,OPEN SYSTEMS TECHNOLOGIES INC ,I-200-16334-816286 
ALPHARETTA ,GEORGIA ,30005 ,GEORGIA ,"OPEN SYSTEMS, INC. ",I-200-16308-682105 
IRVING ,TEXAS ,75063 ,DALLAS ,OPEN SYSTEMS TECHNOLOGIES INC ,I-200-16288-021487 
OVERLAND PARK ,KANSAS ,66213 ,JOHNSON ,ALEXANDER OPEN SYSTEMS INC ,I-200-16286-544353 
MOUNT LAUREL ,NEW JERSEY ,08054 ,BURLINGTON ,OPEN SYSTEMS TECHNOLOGIES INC ,I-200-16279-862117 
IRVING ,TEXAS ,75063 ,DALLAS ,OPEN SYSTEMS TECHNOLOGIES INC ,I-200-16274-977834 
TAMPA ,FLORIDA ,33610 ,HILLSBOROUGH ,OPEN SYSTEMS TECHNOLOGIES INC ,I-200-16272-604287 
NASHVILLE ,TENNESSEE ,37228 ,DAVIDSON ,OPEN SYSTEMS TECHNOLOGIES INC ,I-200-16263-055215 
CHARLOTTE ,NORTH CAROLINA ,28202 ,MECKLENBURG ,OPEN SYSTEMS TECHNOLOGIES INC ,I-200-16179-914406 
MEDINA ,MINNESOTA ,55340 ,HENNEPIN ,"OPEN SYSTEMS INTERNATIONAL, INC. ",I-200-16076-251124 
WARREN ,NEW JERSEY ,07059 ,SOMERSET ,OPEN SYSTEMS TECHNOLOGIES INC ,I-200-16140-799370 
MINNETONKA ,MINNESOTA ,55434 ,HENNEPIN ,"VERATECH SYSTEMS, LLC ",I-200-16285-842759 
HOBBS ,NEW MEXICO ,88240 ,LEA ,SHINE DENTAL LLC ,I-200-16287-357051 
DENVER ,COLORADO ,80239 ,DENVER ,"GENTIS SOLUTIONS, LLC ",I-200-16285-843443 
AUSTELL ,CALIFORNIA ,30168 ,COBB COUNTY ,M.S. INTERNATIONAL ,I-200-16130-438328 
GAITHERSBURG ,MARYLAND ,20878 ,MARYLAND ,"SNG ENGINEERING, INC ",I-200-16285-845434 
OWINGS MILLS ,MARYLAND ,21117 ,BALTIMORE ,"SHEPPARD PRATT PHYSICIANS, P.A. ",I-200-16285-847061 
HOUSTON ,TEXAS ,77092 ,HARRIS ,KYH LLP ,I-200-16285-859490 
NEW YORK ,NEW YORK ,10013 ,NEW YORK ,"PLACEMETER, INC. ",I-200-16285-868360 
WESTLAKE VILLAGE ,CALIFORNIA ,91362 ,VENTURA ,"RESOURCE AMERICA INFORMATION TECHNOLOGY, INC. ",I-200-16328-622327 
INDIANAPOLIS ,INDIANA ,46204 ,MARION ,"RESOURCE AMERICA INFORMATION TECHNOLOGY, INC. ",I-200-16313-937309 
AUSTIN ,TEXAS ,78729 ,WILLIAMSON ,"RESOURCE AMERICA INFORMATION TECHNOLOGY, INC. ",I-200-16236-817911 
SAN JOSE ,CALIFORNIA ,95125 ,SANTA CLARA ,"RESOURCE AMERICA INFORMATION TECHNOLOGY, INC. ",I-200-16221-175323 
CHESTERFIELD ,MISSOURI ,63017 ,ST. LOUIS ,"RESOURCE AMERICA INFORMATION TECHNOLOGY, INC. ",I-200-16195-246027 
WINSTON-SALEM ,NORTH CAROLINA ,27107 ,FORSYTH ,"RESOURCE AMERICA INFORMATION TECHNOLOGY, INC. ",I-200-16195-718064 
PARSIPANNY ,NEW JERSEY ,07054 ,MORRIS COUNTY ,BAANYAN SOFTWARE SERVICES ,I-200-16351-988785 
EDISON ,NEW JERSEY ,08837 ,MIDDLESEX COUNTY ,BAANYAN SOFTWARE SERVICES ,I-200-16343-469832 
PARSIPANNY ,NEW JERSEY ,07054 ,MORRIS COUNTY ,BAANYAN SOFTWARE SERVICES ,I-200-16335-179353 
PARSIPANNY ,NEW JERSEY ,07054 ,MORRIS COUNTY ,BAANYAN SOFTWARE SERVICES ,I-200-16334-424141 
EDISON ,NEW JERSEY ,08837 ,MIDDLESEX COUNTY ,BAANYAN SOFTWARE SERVICES ,I-200-16333-687838 
EDISON ,NEW JERSEY ,08837 ,NJ ,BAANYAN SOFTWARE SERVICES ,I-200-16328-023240 
EDISON ,NEW JERSEY ,08837 ,MIDDLESEX COUNTY ,BAANYAN SOFTWARE SERVICES ,I-200-16322-233464 
CHAROLTTE ,NORTH CAROLINA ,28273 ,MECKLENBURG COUNTY ,BAANYAN SOFTWARE SERVICES ,I-200-16305-084744 
WOBURN ,MASSACHUSETTS ,01801 ,MIDDLESEX COUNTY ,BAANYAN SOFTWARE SERVICES ,I-200-16300-014004 
PRINCETON ,NEW JERSEY ,08540 ,MERCER COUNTY ,BAANYAN SOFTWARE SERVICES ,I-200-16293-389130 
PRINCETON ,NEW JERSEY ,08540 ,MERCER COUNTY ,BAANYAN SOFTWARE SERVICES ,I-200-16293-247988 
RICHARDSON ,TEXAS ,75082 ,COLLIN COUNTY ,BAANYAN SOFTWARE SERVICES ,I-200-16291-102465 
PLANO ,TEXAS ,75093 ,COLLIN COUNTY ,BAANYAN SOFTWARE SERVICES ,I-200-16287-864799 
WOBURN ,MASSACHUSETTS ,01801 ,MIDDLESEX COUNTY ,BAANYAN SOFTWARE SERVICES ,I-200-16285-871940 
ORANGE ,CALIFORNIA ,92868 ,ORANGE COUNTY ,BAANYAN SOFTWARE SERVICES ,I-200-16256-272549 
WESTMINSTER ,COLORADO ,80021 ,ADAMS COUNTY ,BAANYAN SOFTWARE SERVICES ,I-200-16236-974424 
BOSTON ,MASSACHUSETTS ,02210 ,SUFFOLK COUNTY ,BAANYAN SOFTWARE SERVICES ,I-200-16225-880742 
LYNDURST ,NEW JERSEY ,07071 ,BERGEN COUNTY ,BAANYAN SOFTWARE SERVICES ,I-200-16223-102696 
NEW YORK ,NEW YORK ,10017 ,NEW YORK COUNTY ,BAANYAN SOFTWARE SERVICES ,I-200-16211-130673 
IRVINE ,CALIFORNIA ,92614 ,ORANGE COUNTY ,BAANYAN SOFTWARE SERVICES ,I-200-16202-499621 
EL SEGUNDO ,CALIFORNIA ,90245 ,LOS ANGELES COUNTY ,BAANYAN SOFTWARE SERVICES ,I-200-16202-054563 
NEW YORK ,NEW YORK ,10001 ,BRONX ,BAANYAN SOFTWARE SERVICES ,I-200-16095-998577 
MIAMISBURG ,OHIO ,45342 ,MONTGOMERY ,"NAUTILUS HYOSUNG AMERICA, INC. ",I-200-16293-706194 
MIAMISBURG ,OHIO ,45342 ,MONTGOMERY ,"NAUTILUS HYOSUNG AMERICA, INC. ",I-200-16285-875817 
ATLANTA ,GEORGIA ,30309 ,FULTON ,"SENTACA, INC. ",I-200-16285-877957 
RICHARDSON ,TEXAS ,75082 ,COLLIN ,"ARMOR DEFENSE, INC. ",I-200-16343-853919 
RICHARDSON ,TEXAS ,75082 ,COLLIN ,"ARMOR DEFENSE, INC. ",I-200-16288-896987 
RICHARDSON ,TEXAS ,75082 ,COLLIN ,"ARMOR DEFENSE, INC. ",I-200-16285-882630 
LAS VEGAS ,NEVADA ,89183 ,CLARK ,ENGAGED NATION HOLDINGS LLC ,I-200-16285-883752 
DEERFIELD ,ILLINOIS ,60015 ,LAKE COUNTY ,VUEGEN TECHNOLOGIES INC. ,I-200-16309-129021 
BALTIMORE ,MARYLAND ,21201 ,BALTIMORE CITY ,VUEGEN TECHNOLOGIES INC. ,I-200-16294-625964 
MCLEAN ,VIRGINIA ,22102 ,FAIRFAX COUNTY ,VUEGEN TECHNOLOGIES INC. ,I-200-16285-884247 
DALLAS ,TEXAS ,75235 ,DALLAS COUNTY ,VUEGEN TECHNOLOGIES INC. ,I-200-16263-243429 
AUSTIN ,TEXAS ,78729 ,WILLIAMSON COUNTY ,"VUEGEN TECHNOLOGIES, INC. ",I-200-16257-877307 
EAST HANOVER ,NEW JERSEY ,07936 ,MORRIS COUNTY ,VUEGEN TECHNOLOGIES INC. ,I-200-16215-903665 
CHARLOTTE ,NORTH CAROLINA ,28202 ,MECKLENBURG COUNTY ,VUEGEN TECHNOLOGIES INC. ,I-200-16215-375570 
WOONSOCKET ,RHODE ISLAND ,02895 ,PROVIDENCE ,USDOTNETWORKS INC ,I-200-16285-885373 
SAN ANTONIO ,TEXAS ,78216 ,BEXAR ,MORYA GROUP LLC ,I-200-16285-894918 
PLANO ,TEXAS ,75024 ,COLLIN ,SPHINIX NETWORK SOLUTIONS INC ,I-200-16302-922141 
SMYRNA ,TENNESSEE ,37167 ,RUTHERFORD ,SPHINIX NETWORK SOLUTIONS INC ,I-200-16298-708062 
SALT LAKE CITY ,UTAH ,84123 ,SALT LAKE ,SPHINIX NETWORK SOLUTIONS INC ,I-200-16294-477847 
FRANKLIN LAKES ,NEW JERSEY ,07417 ,BERGEN ,SPHINIX NETWORK SOLUTIONS INC ,I-200-16285-905333 
NORTH PROVIDENCE ,RHODE ISLAND ,02904 ,PROVIDENCE ,SYSCONS CORPORATION ,I-200-16321-747248 
NORTH PROVIDENCE ,RHODE ISLAND ,02904 ,PROVIDENCE ,SYSCONS CORPORATION ,I-200-16285-907357 
NORTH PROVIDENCE ,RHODE ISLAND ,02904 ,PROVIDENCE ,SYSCONS CORPORATION ,I-200-16231-118658 
NORTH PROVIDENCE ,RHODE ISLAND ,02904 ,PROVIDENCE ,SYSCONS CORPORATION ,I-200-16131-858214 
GWYNN OAK ,MARYLAND ,21207 ,BALTIMORE ,SYSCONS CORPORATION ,I-200-16131-048497 
LAKEWOOD ,COLORADO ,80228 ,JEFFERSON ,UC SYNERGETIC LLC ,I-200-16285-911444 
DETROIT ,MICHIGAN ,48226 ,WAYNE ,"CAIDAN MANAGEMENT COMPANY, LLC ",I-200-16307-702733 
DETROIT ,MICHIGAN ,48226 ,WAYNE ,"CAIDAN MANAGEMENT COMPANY, LLC ",I-200-16285-914832 
WILMINGTON ,DELAWARE ,19801 ,NEW CASTLE ,PROWESS IT SOLUTIONS LLC ,I-200-16353-877296 
WILMINGTON ,DELAWARE ,19801 ,NEW CASTLE ,PROWESS IT SOLUTIONS LLC ,I-200-16322-736116 
PHILADELPHIA ,PENNSYLVANIA ,19103 ,PHILADELPHIA ,PROWESS IT SOLUTIONS LLC ,I-200-16319-307088 
PHILADELPHIA ,PENNSYLVANIA ,19103 ,PHILADELPHIA ,PROWESS IT SOLUTIONS LLC ,I-200-16291-518361 
BROOKLYN ,NEW YORK ,11229 ,KINGS ,PROWESS IT SOLUTIONS LLC ,I-200-16285-917041 
FORT MYERS ,FLORIDA ,33913 ,LEE ,"ADKNOWLEDGE, INC. ",I-200-16285-918174 
KANSAS CITY ,MISSOURI ,64112 ,JACKSON ,"ADKNOWLEDGE, INC. ",I-200-16195-206483 
PLANO ,TEXAS ,75093 ,COLLIN ,COSMOOS LLC ,I-200-16333-825232 
PLANO ,TEXAS ,75093 ,COLLIN ,COSMOOS LLC ,I-200-16327-503725 
PLANO ,TEXAS ,75093 ,COLLIN ,COSMOOS LLC ,I-200-16285-918499 
PIKE MEDIA ,PENNSYLVANIA ,19063 ,DELAWARE ,"DATA S SOLUTIONS, LLC ",I-200-16312-666190 
ATLANTA ,GEORGIA ,30328 ,FULTON ,"DATA S SOLUTIONS, LLC ",I-200-16312-761364 
OVERLAND PARK ,KANSAS ,66211 ,JHONSON ,"DATA S SOLUTIONS, LLC ",I-200-16312-040460 
OVERLAND PARK ,KANSAS ,66211 ,JOHNSON ,"DATA S SOLUTIONS, LLC ",I-200-16312-177437 
NEW YORK CITY ,NEW YORK ,10007 ,NEW YORK ,"DATA S SOLUTIONS, LLC ",I-200-16312-259829 
LAS VEGAS ,NEVADA ,89128 ,HAMILTON ,"DATA S SOLUTIONS, LLC ",I-200-16298-180743 
"MILPITAS, ",NEW JERSEY ,95035 ,SANTACLARA ,"DATA S SOLUTIONS, LLC ",I-200-16298-834234 
RESTON ,VIRGINIA ,20190 ,FAIRFAX ,"DATA S SOLUTIONS, LLC ",I-200-16285-921273 
NEW YORK ,NEW YORK ,10019 ,NEW YORK ,"DATA S SOLUTIONS, LLC ",I-200-16194-447054 
SAN FRANCISCO ,CALIFORNIA ,94104 ,SAN FRANCISCO ,EC SERVICES CORPORATION ,I-200-16285-925024 
NEW YORK ,NEW YORK ,10150 ,NEW YORK ,PARTS MODELS LLC ,I-200-16293-648283 
DELTA ,OHIO ,43515 ,FULTON ,"NATURE FRESH FARMS USA, INC. ",I-200-16285-926790 
DELTA ,OHIO ,43515 ,FULTON ,NATURE FRESH FARMS USA INC. ,I-200-16092-357049 
FORT SMITH ,ARKANSAS ,72903 ,SEBASTIAN ,MERCY CLINIC FORT SMITH COMMUNITIES ,I-200-16285-931495 
FORT SMITH ,ARKANSAS ,72903 ,SEBASTIAN COUNTY ,MERCY CLINIC FORT SMITH COMMUNITIES ,I-200-16237-962171 
WATSONVILLE ,CALIFORNIA ,95076 ,SANTA CRUZ ,"STRATAPPS, INC. ",I-200-16285-932177 
FREMONT ,CALIFORNIA ,94538 ,ALAMEDA ,"STRATAPPS, INC. ",I-200-16131-807797 
QUINCY ,MASSACHUSETTS ,02171 ,NORFOLK ,SOUTH COVE COMMUNITY HEALTH CENTER ,I-200-16285-937058 
MISSION ,KANSAS ,66202 ,JOHNSON ,DATA MIGRATION RESOURCES INC. ,I-200-16334-725572 
BALTIMORE ,MARYLAND ,21230 ,BALTIMORE CITY ,DATA MIGRATION RESOURCES INC ,I-200-16285-939160 
CHICAGO ,ILLINOIS ,60601 ,COOK ,KRAFT HEINZ FOODS COMPANY ,I-200-16307-788658 
CHICAGO ,ILLINOIS ,60601 ,COOK ,KRAFT HEINZ FOODS COMPANY ,I-200-16302-603811 
CHICAGO ,ILLINOIS ,60601 ,COOK ,KRAFT HEINZ FOODS COMPANY ,I-200-16285-949253 
MONMOUTH JUNCTION ,NEW JERSEY ,08520 ,MIDDLESEX ,DOW JONES AND COMPANY ,I-200-16335-106555 
SOUTH BRUNSWICK ,NEW JERSEY ,08852 ,MIDDLESEX ,DOW JONES AND COMPANY ,I-200-16333-879297 
SOUTH BRUNSWICK ,NEW JERSEY ,08852 ,MIDDLESEX ,DOW JONES AND COMPANY ,I-200-16293-162657 
SOUTH BRUNSWICK ,NEW JERSEY ,08854 ,MIDDLESEX ,DOW JONES AND COMPANY ,I-200-16287-831067 
SOUTH BRUNSWICK ,NEW JERSEY ,08520 ,MIDDLESEX ,DOW JONES AND COMPANY ,I-200-16286-166294 
SOUTH BRUNSWICK ,NEW JERSEY ,08852 ,MIDDLESEX ,DOW JONES AND COMPANY ,I-200-16252-121062 
MONMOUTH JUNCTION ,NEW JERSEY ,08852 ,MIDDLESEX ,DOW JONES AND COMPANY ,I-200-16215-639002 
SOUTH BRUNSWICK ,NEW JERSEY ,08852 ,MIDDLESEX ,DOW JONES AND COMPANY ,I-200-16194-158168 
HOBOKEN ,NEW JERSEY ,07030 ,HUDSON COUNTY ,OPERATING SYSTEM SERVICES INC. ,I-200-16322-880895 
MOSSVILLE ,ILLINOIS ,61522 ,PEORIA ,OPERATING SYSTEM SERVICES INC. ,I-200-16292-988213 
ERIE ,PENNSYLVANIA ,16501 ,ERIE COUNTY ,OPERATING SYSTEM SERVICES INC. ,I-200-16140-040274 
FORT MILL ,SOUTH CAROLINA ,29715 ,YORK ,"GRAPNEL TECH SERVICES, LLC ",I-200-16355-340871 
SACRAMENTO ,CALIFORNIA ,95834 ,SACRAMENTO ,"GRAPNEL TECH SERVICES, LLC ",I-200-16337-283901 
WELLESLEY ,MASSACHUSETTS ,02481 ,NORFOLK ,"GRAPNEL TECH SERVICES, LLC ",I-200-16302-147175 
PITTSBURGH ,PENNSYLVANIA ,15206 ,ALLEGHENY ,"GRAPNEL TECH SERVICES, LLC ",I-200-16302-872891 
DORAL ,FLORIDA ,33178 ,MIAMI-DADE ,"GRAPNEL TECH SERVICES, LLC ",I-200-16287-084316 
ADDISON ,TEXAS ,75001 ,DALLAS ,"GRAPNEL TECH SERVICES, LLC ",I-200-16285-966311 
NEW YORK ,NEW YORK ,10017 ,NEW YORK ,"LOTUS CAPITAL PARTNERS, LLC ",I-200-16285-967655 
AUSTIN ,TEXAS ,78750 ,TRAVIS ,ENDACE USA LTD ,I-200-16291-044455 
AUSTIN ,TEXAS ,78750 ,TRAVIS ,ENDACE USA LTD ,I-200-16285-967811 
SUNNYVALE ,CALIFORNIA ,94085 ,SANTA CLARA ,"ROOTSHELL ENTERPRISE TECHNOLOGIES, INC. ",I-200-16335-408503 
SUNNYVALE ,CALIFORNIA ,94085 ,SANTA CLARA ,ROOTSHELL ENTERPRISE TECHNOLOGIES INC ,I-200-16295-374974 
SUNNYVALE ,CALIFORNIA ,94085 ,SANTA CLARA ,"ROOTSHELL ENTERPRISE TECHNOLOGIES, INC. ",I-200-16291-547453 
SANTA CLARA ,CALIFORNIA ,95050 ,SANTA CLARA ,"ROOTSHELL ENTERPRISE TECHNOLOGIES, INC. ",I-200-16285-969322 
WADSWORTH ,OHIO ,44281 ,MEDINA ,"RADICI PLASTICS USA, INC ",I-200-16285-973786 
WESTLAKE VILLAGE ,CALIFORNIA ,91362 ,LOS ANGELES ,HIGHDATA SOFTWARE CORPORATION ,I-200-16347-426904 
JERSEY CITY ,NEW JERSEY ,07302 ,HUDSON ,HIGHDATA SOFTWARE CORPORATION ,I-200-16285-981395 
BOSTON ,MASSACHUSETTS ,02111 ,SUFFOLK ,HIGHDATA SOFTWARE CORPORATION ,I-200-16264-899821 
COTTAGE GROVE ,OREGON ,97424 ,LANE ,NORTHERN ARIZONA UNIVERSITY ,I-200-16323-553667 
FLAGSTAFF ,ARIZONA ,86011 ,COCONINO ,NORTHERN ARIZONA UNIVERSITY ,I-200-16326-729846 
FLAGSTAFF ,ARIZONA ,86011 ,COCONINO ,NORTHERN ARIZONA UNIVERSITY ,I-200-16301-698621 
FLAGSTAFF ,ARIZONA ,86011 ,COCONINO ,NORTHERN ARIZONA UNIVERSITY ,I-200-16292-939223 
FLAGSTAFF ,ARIZONA ,86011 ,COCONINO ,NORTHERN ARIZONA UNIVERSITY ,I-200-16218-889019 
PHOENIX ,ARIZONA ,85053 ,MARICOPA ,NORTHERN ARIZONA UNIVERSITY ,I-200-16123-686097 
NEW YORK ,NEW YORK ,10003 ,NEW YORK ,"1STDIBS.COM, INC. ",I-200-16285-982417 
NEW YORK ,NEW YORK ,10003 ,NEW YORK ,"1STDIBS.COM, INC. ",I-200-16195-447929 
BELLEVUE ,WASHINGTON ,98006 ,KING ,"GLITTERSOFT GROUP, LLC ",I-200-16295-675176 
ROUND ROCK ,TEXAS ,78682 ,WILLIAMSON ,"GLITTERSOFT GROUP, LLC ",I-200-16295-421685 
MIAMI ,FLORIDA ,33178 ,MIAMI - DADE ,"GLITTERSOFT GROUP, LLC ",I-200-16295-801289 
INDIANAPOLIS ,INDIANA ,46202 ,MARION ,"GLITTERSOFT GROUP, LLC ",I-200-16295-777129 
ROSEVILLE ,CALIFORNIA ,95747 ,PLACER ,"GLITTERSOFT GROUP, LLC ",I-200-16295-237808 
RICHARDSON ,TEXAS ,75082 ,COLLIN ,"GLITTERSOFT GROUP, LLC ",I-200-16264-813842 
OWINGS MILLS ,MARYLAND ,21117 ,BALTIMORE ,PROMANTUS INC. ,I-200-16311-675953 
NEW YORK ,NEW YORK ,10038 ,NEW YORK ,PROMANTUS INC. ,I-200-16307-710235 
OWINGS MILLS ,MARYLAND ,21117 ,BALTIMORE ,PROMANTUS INC. ,I-200-16293-715171 
NEW YORK ,NEW YORK ,10038 ,NEW YORK ,PROMANTUS INC. ,I-200-16285-986187 
MILWAUKEE ,WISCONSIN ,53222 ,MILWAUKEE ,PROMANTUS INC. ,I-200-16264-296397 
WASHINGTON ,DISTRICT OF COLUMBIA ,20037 ,DISTRICT OF COLUMBIA ,PROMANTUS INC. ,I-200-16232-903301 
NEW YORK ,NEW YORK ,10001 ,NEW YORK ,SGR CONSTRUCTION GROUP LLC ,I-200-16285-986276 
CAMBRIDGE ,MASSACHUSETTS ,02139 ,MIDDLESEX ,"NOVARTIS INSTITUTES FOR BIOMEDICAL RESEARCH, INC. ",I-200-16315-440632 
CAMBRIDGE ,NEW JERSEY ,02139 ,MIDDLESEX ,"NOVARTIS INSTITUTES FOR BIOMEDICAL RESEARCH, INC. ",I-200-16307-676088 
CAMBRIDGE ,MASSACHUSETTS ,02139 ,MIDDLESEX ,"NOVARTIS INSTITUTES FOR BIOMEDICAL RESEARCH, INC. ",I-200-16292-748047 
CAMBRIDGE ,MASSACHUSETTS ,02139 ,MIDDLESEX ,"NOVARTIS INSTITUTES FOR BIOMEDICAL RESEARCH, INC. ",I-200-16256-676817 
CAMBRIDGE ,MASSACHUSETTS ,02139 ,MIDDLESEX ,"NOVARTIS INSTITUTES FOR BIOMEDICAL RESEARCH, INC. ",I-200-16242-772418 
CAMBRIDGE ,MASSACHUSETTS ,02139 ,MIDDLESEX ,"NOVARTIS INSTITUTES FOR BIOMEDICAL RESEARCH, INC. ",I-200-16221-248175 
CAMBRIDGE ,MASSACHUSETTS ,02139 ,MIDDLESEX ,"NOVARTIS INSTITUTES FOR BIOMEDICAL RESEARCH, INC. ",I-200-16216-561189 
EMERYVILLE ,CALIFORNIA ,94608 ,ALAMEDA ,"NOVARTIS INSTITUTES FOR BIOMEDICAL RESEARCH, INC. ",I-200-16188-767420 
CAMBRIDGE ,MASSACHUSETTS ,02139 ,MIDDLESEX ,"NOVARTIS INSTITUTES FOR BIOMEDICAL RESEARCH, INC. ",I-200-16138-177332 
EMERYVILLE ,CALIFORNIA ,94608 ,ALAMEDA ,"NOVARTIS INSTITUTES FOR BIOMEDICAL RESEARCH, INC. ",I-200-16161-724749 
CAMBRIDGE ,MASSACHUSETTS ,02139 ,MIDDLESEX ,"NOVARTIS INSTITUTES FOR BIOMEDICAL RESEARCH, INC. ",I-200-16097-760857 
SAN DIEGO ,CALIFORNIA ,92121 ,SAN DIEGO ,"SORRENTO THERAPEUTICS, INC. ",I-200-16285-993950 
JERSEY CITY ,NEW JERSEY ,07311 ,HUDSON ,"FOREST RESEARCH INSTITUTE, INC. ",I-200-16285-998292 
JERSEY CITY ,NEW JERSEY ,07311 ,HUDSON ,"FOREST RESEARCH INSTITUTE, INC. ",I-200-16239-195444 
WELLESLEY ,MASSACHUSETTS ,02481 ,NORFOLK ,HARVARD PILGRIM HEALTH CARE ,I-200-16334-262764 
BOSTON ,MASSACHUSETTS ,02215 ,SUFFOLK ,"HARVARD PILGRIM HEALTH CARE INSTITUTE, LLC ",I-200-16286-122367 
WELLESLEY ,MASSACHUSETTS ,02481 ,NORFOLK ,HARVARD PILGRIM HEALTH CARE ,I-200-16155-497900 
QUINCY ,MASSACHUSETTS ,02169 ,NORFOLK ,HARVARD PILGRIM HEALTH CARE ,I-200-16126-271494 
DALLAS ,TEXAS ,75226 ,DALLAS ,JACKPOT RISING INC ,I-200-16293-654909 
SAN FRANCISCO ,CALIFORNIA ,94102 ,SAN FRANCISCO ,"NEXTDOOR.COM, INC. ",I-200-16256-413827 
SAN FRANCISCO ,CALIFORNIA ,94102 ,SAN FRANCISCO ,"NEXTDOOR.COM, INC. ",I-200-16167-819395 
WINDSOR MILL ,MARYLAND ,21244 ,BALTIMORE ,"APEX IT SERVICES, LLC ",I-200-16300-274080 
WINDSOR MILL ,MARYLAND ,21244 ,BALTIMORE ,"APEX IT SERVICES, LLC ",I-200-16286-013477 
WINDSOR MILL ,MARYLAND ,21244 ,BALTIMORE ,"APEX IT SERVICES, LLC ",I-200-16222-620434 
RESTON ,VIRGINIA ,20190 ,FAIRFAX COUNTY ,"APEX IT SERVICES, LLC ",I-200-16140-034198 
CALABASAS ,CALIFORNIA ,91302 ,LOS ANGELES ,SOLOMONS INTERNATIONAL LLC ,I-200-16286-014195 
DOWNERS GROVE ,ILLINOIS ,60515 ,DUPAGE ,CANDOR PS LLC ,I-200-16286-017034 
PASADENA ,CALIFORNIA ,91103 ,LOS ANGELES ,"CANDOR PS, LLC ",I-200-16259-730316 
SACRAMENTO ,CALIFORNIA ,95811 ,SACRAMENTO ,CITILABS INC. ,I-200-16286-017124 
TALLAHASSEE ,FLORIDA ,32304 ,LEON ,CITILABS INC. ,I-200-16188-342479 
CHICAGO ,ILLINOIS ,60639 ,COOK ,"CONCEPT SCHOOLS, NFP. ",I-200-16286-035067 
PLANO ,TEXAS ,75074 ,COLLIN ,"OPORTUN, INC. ",I-200-16333-046583 
REDWOOD CITY ,CALIFORNIA ,94063 ,SAN MATEO ,"OPORTUN, INC. ",I-200-16286-039688 
COLMAR ,PENNSYLVANIA ,18915 ,MONTGOMERY ,ADVANCED AND ELITE DENTISTRY PC ,I-200-16286-040760 
GOLDEN VALLEY ,MINNESOTA ,55416 ,HENNEPIN ,PENTAIR MANAGEMENT COMPANY ,I-200-16286-048818 
MINNEAPOLIS ,MINNESOTA ,55416 ,HENNEPIN ,PENTAIR MANAGEMENT COMPANY ,I-200-16246-252573 
HERNDON ,VIRGINIA ,20170 ,FAIRFAX ,"DOCASAP, INC. ",I-200-16286-060951 
HERNDON ,VIRGINIA ,20170 ,FAIRFAX ,"DOCASAP, INC. ",I-200-16267-429260 
CHARLOTTE ,NORTH CAROLINA ,28262 ,MECKLENBURG ,"NEPHROLOGY AND HYPERTENSION CONSULTANTS, P.A. ",I-200-16286-063408 
ALPHARETTA ,GEORGIA ,30005 ,FULTON ,"AARAV SOLUTIONS, INC. ",I-200-16337-271154 
EDISON ,NEW JERSEY ,08817 ,MIDDLESEX ,"AARAV SOLUTIONS, INC. ",I-200-16305-337485 
GAINESVILLE ,FLORIDA ,32608 ,ALACHUA COUNTY ,SMART ERP SOLUTIONS INC. ,I-200-16344-199934 
ALTAMONTE SPRINGS ,FLORIDA ,32714 ,SEMINOLE COUNTY ,SMART ERP SOLUTIONS INC. ,I-200-16286-064512 
DULUTH ,GEORGIA ,30096 ,GWINNETT ,SMART ERP SOLUTIONS INC. ,I-200-16119-789918 
NASHUA ,NEW HAMPSHIRE ,03062 ,HILLSBOROUGH ,SMART ERP SOLUTIONS INC. ,I-200-16071-682712 
WEST PALM BEACH ,FLORIDA ,33413 ,PALM BEACH ,NAZTEC&REG; INTERNATIONAL GROUP LLC ,I-200-16335-705895 
WEST PALM BEACH ,FLORIDA ,33413 ,PALM BEACH ,NAZTEC&REG; INTERNATIONAL GROUP LLC ,I-200-16286-064568 
TALLAHASSEE ,FLORIDA ,32399 ,LEON ,"SGS TECHNOLOGIE, LLC ",I-200-16355-442312 
JACKSONVILLE ,FLORIDA ,32246 ,DUVAL ,"SGS TECHNOLOGIE, LLC ",I-200-16350-127011 
TALLAHASSEE ,FLORIDA ,32399 ,LEON ,"SGS TECHNOLOGIE, LLC ",I-200-16336-473775 
JACKSONVILLE ,FLORIDA ,32246 ,DUVAL ,"SGS TECHNOLOGIE, LLC ",I-200-16328-091243 
METTAWA ,ILLINOIS ,60045 ,LAKE ,"SGS TECHNOLOGIE, LLC ",I-200-16320-068562 
BOSTON ,MASSACHUSETTS ,02109 ,SUFFOLK ,"SGS TECHNOLOGIE, LLC ",I-200-16306-081122 
JACKSONVILLE ,FLORIDA ,32202 ,DUVAL ,"SGS TECHNOLOGIE, LLC ",I-200-16305-599567 
JACKSONVILLE ,FLORIDA ,32202 ,DUVAL ,"SGS TECHNOLOGIE, LLC ",I-200-16302-253955 
PARSIPPANY ,NEW JERSEY ,07054 ,MORRIS ,"SGS TECHNOLOGIE, LLC ",I-200-16286-067816 
ALPHARETTA ,GEORGIA ,30005 ,FORSYTH ,CLOUD SOFT INC ,I-200-16314-499104 
ALPHARETTA ,GEORGIA ,30005 ,FULTON ,CLOUD SOFT INC ,I-200-16306-999265 
ALPHARETTA ,GEORGIA ,30005 ,FULTON ,CLOUD SOFT INC ,I-200-16286-070264 
MADISON ,WISCONSIN ,53705 ,DANE ,CLOUD SOFT INC ,I-200-16216-212491 
SAN JOSE ,CALIFORNIA ,95131 ,SANTA CLARA ,LUMENTUM OPERATIONS LLC ,I-200-16349-224491 
SAN JOSE ,CALIFORNIA ,95134 ,SANTA CLARA ,LUMENTUM OPERATIONS LLC ,I-200-16344-041416 
SAN JOSE ,CALIFORNIA ,95131 ,SANTA CLARA ,LUMENTUM OPERATIONS LLC ,I-200-16344-645432 
MILPITAS ,CALIFORNIA ,95035 ,SANTA CLARA ,LUMENTUM OPERATIONS LLC ,I-200-16286-072484 
MILPITAS ,CALIFORNIA ,95035 ,SANTA CLARA ,LUMENTUM OPERATIONS LLC ,I-200-16138-711436 
DENVER ,COLORADO ,80211-2200 ,CO ,LEPRINO FOODS COMPANY ,I-200-16327-793207 
DENVER ,COLORADO ,80211 ,DENVER ,LEPRINO FOODS COMPANY ,I-200-16299-914403 
DENVER ,COLORADO ,80211 ,DENVER ,LEPRINO FOODS COMPANY ,I-200-16286-080668 
DENVER ,COLORADO ,80211 ,DENVER ,LEPRINO FOODS COMPANY ,I-200-16160-884368 
DENVER ,COLORADO ,80211 ,DENVER ,LEPRINO FOODS COMPANY ,I-200-16144-405142 
PORTLAND ,OREGON ,97203 ,MULTNOMAH ,AJINOMOTO TOYO FROZEN NOODLE (ATFN) COMPANY ,I-200-16286-087172 
HOUSTON ,TEXAS ,77002 ,HARRIS ,SOFTIMA INC ,I-200-16295-780001 
HOUSTON ,TEXAS ,77002 ,HARRIS ,SOFTIMA INC ,I-200-16295-672123 
ERIE ,PENNSYLVANIA ,16507 ,ERIE ,SOFTIMA INC ,I-200-16286-099206 
AUSTIN ,TEXAS ,78704 ,TRAVIS ,SOFTIMA INC ,I-200-16286-442328 
DALLAS ,TEXAS ,75234 ,DALLAS ,"SOFTIMA, INC. ",I-200-16225-237996 
SCHAUMBURG ,ILLINOIS ,60173 ,COOK ,BITWISE INC. ,I-200-16341-388569 
SCHAUMBURG ,ILLINOIS ,60173 ,ILLINOIS ,BITWISE INC. ,I-200-16323-658281 
SCHAUMBURG ,ILLINOIS ,60173 ,ILLINOIS ,BITWISE INC. ,I-200-16286-138052 
SCHAUMBURG ,ILLINOIS ,60173 ,ILLINOIS ,BITWISE INC. ,I-200-16286-108056 
SCHAUMBURG ,ILLINOIS ,60173 ,COOK ,BITWISE INC. ,I-200-16264-473219 
SCHAUMBURG ,ILLINOIS ,60173 ,COOK ,BITWISE INC. ,I-200-16264-340037 
SCHAUMBURG ,ILLINOIS ,60173 ,COOK ,BITWISE INC. ,I-200-16263-473043 
RIVERWOODS ,ILLINOIS ,60015 ,LAKE ,"BITWISE, INC. ",I-200-16211-792467 
RIVERWOODS ,ILLINOIS ,60015 ,LAKE ,"BITWISE, INC. ",I-200-16211-985071 
RIVERWOODS ,ILLINOIS ,60015 ,LAKE ,"BITWISE, INC. ",I-200-16209-004470 
RIVERWOODS ,ILLINOIS ,60015 ,LAKE ,"BITWISE, INC. ",I-200-16209-681620 
RIVERWOODS ,ILLINOIS ,60015 ,LAKE ,"BITWISE, INC. ",I-200-16180-293037 
RIVERWOODS ,ILLINOIS ,60015 ,LAKE ,"BITWISE, INC. ",I-200-16179-805677 
RICHMOND ,VIRGINIA ,23238 ,GOOCHLAND ,"BITWISE, INC. ",I-200-16165-214511 
RICHMOND ,VIRGINIA ,23238 ,GOOCHLAND ,"BITWISE, INC. ",I-200-16140-689275 
CINCINNATI ,OHIO ,45242 ,HAMILTON ,"BITWISE, INC. ",I-200-16133-676860 
RIVERWOODS ,ILLINOIS ,60015 ,LAKE ,"BITWISE, INC. ",I-200-16131-145151 
RIVERWOODS ,ILLINOIS ,60015 ,LAKE ,"BITWISE, INC. ",I-200-16127-101501 
ATLANTA ,GEORGIA ,30328 ,FULTON ,"BITWISE, INC. ",I-200-16118-624896 
ATLANTA ,GEORGIA ,30328 ,FULTON ,"BITWISE, INC. ",I-200-16111-350726 
ATLANTA ,GEORGIA ,30328 ,FULTON ,"BITWISE, INC. ",I-200-16111-783195 
CINCINNATI ,OHIO ,45242 ,HAMILTON ,"BITWISE, INC. ",I-200-16111-026365 
RIVERWOODS ,ILLINOIS ,60015 ,LAKE ,"BITWISE, INC. ",I-200-16107-602001 
RIVERWOODS ,ILLINOIS ,60015 ,LAKE ,"BITWISE, INC. ",I-200-16107-021187 
RIVERWOODS ,ILLINOIS ,60015 ,LAKE ,"BITWISE, INC. ",I-200-16106-278474 
RIVERWOODS ,ILLINOIS ,60015 ,LAKE ,"BITWISE, INC. ",I-200-16106-449648 
RIVERWOODS ,ILLINOIS ,60015 ,LAKE ,"BITWISE, INC. ",I-200-16106-066322 
HOUSTON ,TEXAS ,77077 ,HARRIS ,"MY SUPPLY CHAIN GROUP, LLC ",I-200-16348-179046 
HOUSTON ,TEXAS ,77002 ,HARRIS ,"MY SUPPLY CHAIN GROUP, LLC ",I-200-16286-108889 
HOUSTON ,TEXAS ,77002 ,HARRIS ,"MY SUPPLY CHAIN GROUP, LLC ",I-200-16286-920675 
PLEASANTON ,CALIFORNIA ,94588 ,ALAMEDA ,KREEYAA LLC ,I-200-16357-106483 
BASKING RIDGE ,NEW JERSEY ,07960 ,SOMERSET ,KREEYAA LLC ,I-200-16286-115732 
TYSONS ,VIRGINIA ,22102 ,FAIRFAX ,"CSC CONSULTING, INC. ",I-200-16356-228928 
CRANBURY ,NEW JERSEY ,08512 ,MIDDLESEX ,"CSC CONSULTING, INC. ",I-200-16348-983061 
PITTSBURGH ,PENNSYLVANIA ,15222 ,ALLEGHENY ,"CSC CONSULTING, INC. ",I-200-16308-811575 
IRVING ,TEXAS ,75063 ,DALLAS ,"CSC CONSULTING, INC. ",I-200-16299-644608 
OAK BROOK ,ILLINOIS ,60523 ,DU PAGE ,"CSC CONSULTING, INC. ",I-200-16286-121489 
CHARLOTTE ,NORTH CAROLINA ,28209 ,MECKLENBURG ,"CSC CONSULTING, INC. ",I-200-16286-213310 
ST. LOUIS ,MISSOURI ,63103 ,S. LOUIS ,SIGMA-ALDRICH CORPORATION ,I-200-16337-755788 
URBANA ,ILLINOIS ,61802 ,CHAMPAIGN ,SIGMA-ALDRICH CORP ,I-200-16286-919847 
ST. LOUIS ,MISSOURI ,63103 ,ST. LOUIS ,"SIGMA-ALDRICH, INC. ",I-200-16286-122532 
ST LOUIS ,MISSOURI ,63103-2530 ,ST LOUIS ,SIGMA-ALDRICH CORP ,I-200-16285-338573 
ST. LOUIS ,MISSOURI ,63103 ,ST. LOUIS ,SIGMA-ALDRICH CORPORATION ,I-200-16277-813802 
ST. LOUIS ,MISSOURI ,63103 ,ST. LOUIS ,SIGMA-ALDRICH CORPORATION ,I-200-16279-162334 
ST. LOUIS ,MISSOURI ,63103 ,ST. LOUIS ,SIGMA-ALDRICH CORPORATION ,I-200-16279-676667 
ST. LOUIS ,MISSOURI ,63103 ,ST. LOUIS ,SIGMA-ALDRICH CORPORATION ,I-200-16256-872180 
ST. LOUIS ,MISSOURI ,63103 ,ST.LOUIS ,SIGMA-ALDRICH CORPORATION ,I-200-16214-800687 
NEW YORK ,NEW YORK ,10006 ,NEW YORK ,"EXPERIAN MARKETING SOLUTIONS, INC. ",I-200-16286-124403 
CEDAR PARK ,TEXAS ,78613 ,WILLIAMSON ,"VSION TECHNOLOGIES, INC. ",I-200-16358-197635 
CEDAR PARK ,TEXAS ,78613 ,WILLIAMSON ,"VSION TECHNOLOGIES, INC. ",I-200-16358-612031 
CEDAR PARK ,TEXAS ,78613 ,WILLIAMSON ,"VSION TECHNOLOGIES, INC. ",I-200-16358-365239 
CEDAR PARK ,TEXAS ,78613 ,WILLIAMSON ,"VSION TECHNOLOGIES, INC. ",I-200-16358-959580 
CEDAR PARK ,TEXAS ,78613 ,WILLIAMSON ,"VSION TECHNOLOGIES, INC. ",I-200-16341-683975 
CEDAR PARK ,TEXAS ,78613 ,WILLIAMSON ,"VSION TECHNOLOGIES, INC. ",I-200-16341-049064 
CEDAR PARK ,TEXAS ,78613 ,WILLIAMSON ,"VSION TECHNOLOGIES, INC. ",I-200-16341-152745 
CEDAR PARK ,TEXAS ,78613 ,WILLIAMSON ,"VSION TECHNOLOGIES, INC. ",I-200-16341-316782 
CEDAR PARK ,TEXAS ,78613 ,WILLIAMSON ,"VSION TECHNOLOGIES, INC. ",I-200-16326-852065 
CEDAR PARK ,TEXAS ,78613 ,WILLAMSON ,"VSION TECHNOLOGIES, INC. ",I-200-16328-393588 
CEDAR PARK ,TEXAS ,78613 ,WILLIAMSON ,"VSION TECHNOLOGIES, INC. ",I-200-16320-561719 
CEDAR PARK ,TEXAS ,78613 ,WILLAMSONS ,"VSION TECHNOLOGIES, INC. ",I-200-16313-770323 
CEDAR PARK ,TEXAS ,78613 ,WILLIAMSON ,"VSION TECHNOLOGIES, INC. ",I-200-16302-917370 
CEDAR PARK ,TEXAS ,78613 ,WILLIAMSON ,"VSION TECHNOLOGIES, INC. ",I-200-16286-126637 
CEDAR PARK ,TEXAS ,78613 ,WILLIAMSON ,"VSION TECHNOLOGIES, INC. ",I-200-16264-822993 
CEDAR PARK ,TEXAS ,78613 ,WILLIAMSON ,"VSION TECHNOLOGIES, INC. ",I-200-16245-752358 
SAN FRANCISCO ,CALIFORNIA ,94103 ,SAN FRANCISCO ,"ASANA, INC. ",I-200-16286-126823 
SAN FRANCISCO ,CALIFORNIA ,94103 ,SAN FRANCISCO ,"ASANA, INC. ",I-200-16124-937946 
LOS ANGELES ,CALIFORNIA ,90040 ,LOS ANGELES ,CELLUPHONE LLC ,I-200-16286-130801 
TOPEKA ,KANSAS ,66636 ,SHAWNEE ,"SE2, LLC ",I-200-16351-313327 
TOPEKA ,KANSAS ,66636 ,SHAWNEE ,"SE2, LLC ",I-200-16312-390874 
TOPEKA ,KANSAS ,66636 ,KANSAS ,"SE2, LLC ",I-200-16306-974405 
TOPEKA ,KANSAS ,66636 ,KANSAS ,"SE2, LLC ",I-200-16286-132706 
FALL RIVER ,MASSACHUSETTS ,02723 ,BRISTOL ,"HEALTHFIRST FAMILY CARE CENTER, INC. ",I-200-16286-134063 
DALLAS ,TEXAS ,75235 ,DALLAS ,"CREAMOS SOLUTIONS, INC. ",I-200-16292-390592 
AUSTIN ,TEXAS ,78753 ,TRAVIS ,"CREAMOS SOLUTIONS, INC. ",I-200-16286-137204 
AUSTIN ,TEXAS ,78759 ,TRAVIS ,WAYBLAZER ,I-200-16286-344278 
AUSTIN ,TEXAS ,78759 ,TRAVIS ,WAYBLAZER ,I-200-16286-140681 
IRVING ,TEXAS ,75038 ,DALLAS ,"TEKZENIT, INC. ",I-200-16348-653038 
IRVING ,TEXAS ,75038 ,DALLAS ,"TEKZENIT, INC. ",I-200-16327-598051 
IRVING ,TEXAS ,75038 ,DALLAS ,"TEKZENIT, INC. ",I-200-16286-145432 
MILFORD ,CONNECTICUT ,06461 ,NEW HAVEN ,NEOPOST USA INC. ,I-200-16334-330927 
MILFORD ,CONNECTICUT ,06461 ,NEW HAVEN ,NEOPOST USA INC. ,I-200-16286-149661 
MILFORD ,CONNECTICUT ,06461 ,NEW HAVEN ,NEOPOST USA INC. ,I-200-16173-893005 
MILFORD ,CONNECTICUT ,06461 ,NEW HAVEN ,NEOPOST USA INC. ,I-200-16138-731867 
MILFORD ,CONNECTICUT ,06461 ,NEW HAVEN ,NEOPOST USA INC. ,I-200-16124-723426 
IRVING ,TEXAS ,75039 ,DALLAS ,CITIGROUP MANAGEMENT CORP. ,I-200-16286-157126 
BINGHAMTON ,NEW YORK ,13905 ,BROOME ,"COGENT MEDICAL CARE, P.C. ",I-200-16286-158675 
BUFFALO ,NEW YORK ,14220 ,ERIE ,"COGENT MEDICAL CARE, P.C. ",I-200-16218-136275 
SUNNYVALE ,CALIFORNIA ,94085 ,SANTA CLARA ,"BIGSTREAM SOLUTIONS, INC. ",I-200-16286-166165 
NEW YORK ,NEW YORK ,10014 ,NEW YORK ,"PRODIGIOUS USA, INC. ",I-200-16341-685510 
TAMUNING ,GUAM ,96913 ,GUAM ,CORE TECH INTERNATIONAL ,I-200-16292-343503 
TAMUNING ,GUAM ,96913 ,GUAM ,CORE TECH INTERNATIONAL ,I-200-16286-177318 
TAMUNING ,GUAM ,96913 ,TAMUNING ,CORE TECH INTERNATIONAL CORPORATION ,I-200-16269-183519 
TAMUNING ,GUAM ,96913 ,N/A ,CORE TECH INTERNATIONAL ,I-200-16220-618238 
TAMUNING ,GUAM ,96913 ,N/A ,CORE TECH INTERNATIONAL ,I-200-16214-552308 
HOUSTON ,TEXAS ,77010 ,HARRIS ,SHELL US HOSTING COMPANY ,I-200-16286-177999 
SAN JOSE ,CALIFORNIA ,95134 ,SANTA CLARA ,"INFOSMART TECHNOLOGIES, INC ",I-200-16349-347944 
ROCHESTER ,MINNESOTA ,55905 ,OLMSTED ,"INFOSMART TECHNOLOGIES, INC ",I-200-16347-839794 
OAKS ,PENNSYLVANIA ,19456 ,MONTGOMERY ,"INFOSMART TECHNOLOGIES, INC ",I-200-16314-729887 
BINGHAM FARMS ,MICHIGAN ,48025 ,OAKLAND ,"INFOSMART TECHNOLOGIES, INC ",I-200-16314-277902 
DULUTH ,GEORGIA ,30099 ,GWINNETT ,"INFOSMART TECHNOLOGIES, INC ",I-200-16312-354428 
OMAHA ,NEBRASKA ,68164 ,DOUGLAS ,"INFOSMART TECHNOLOGIES, INC ",I-200-16298-895607 
TORRANCE ,CALIFORNIA ,90501 ,LOS ANGELES ,"INFOSMART TECHNOLOGIES, INC ",I-200-16298-380527 
SUWANEE ,GEORGIA ,30024 ,FORSYTH COUNTY ,"INFOSMART TECHNOLOGIES, INC ",I-200-16298-557377 
SUWANEE ,GEORGIA ,30024 ,FORSYTH COUNTY ,"INFOSMART TECHNOLOGIES, INC ",I-200-16286-862845 
ROCKVILLE ,MARYLAND ,20850 ,MONTGOMERY ,"INFOSMART TECHNOLOGIES, INC ",I-200-16286-178987 
FREMONT ,CALIFORNIA ,94536 ,ALAMEDA ,"SRINAV, INC. ",I-200-16286-181261 
IRVING ,TEXAS ,75038 ,DALLAS ,THE UNIVERSITY OF TEXAS SYSTEM ,I-200-16286-182766 
MILPITAS ,CALIFORNIA ,95035 ,SANTA CLARA ,AEM REAL ESTATE INC. ,I-200-16286-183613 
WINSTON-SALEM ,NORTH CAROLINA ,27103 ,FORSYTH ,"SENTEON SYSTEMS, LLC ",I-200-16286-183716 
ALBANY ,NEW YORK ,12207 ,ALBANY ,"FECUND SOFTWARE SERVICES, LLC ",I-200-16286-190053 
JEFFERSON CITY ,MISSOURI ,65109 ,COLE ,MEDCOMPS CORPORATION ,I-200-16286-191540 
NEW YORK ,NEW YORK ,10019 ,NEW YORK ,MEDCOMPS CORPORATION ,I-200-16202-995797 
RICHMOND ,VIRGINIA ,23230 ,HENRICO ,"KEN SYSTEMS, INC ",I-200-16286-202892 
RICHMOND ,VIRGINIA ,23230 ,HENRICO ,"KEN SYSTEMS, INC ",I-200-16187-542052 
DETROIT ,MICHIGAN ,48226 ,WAYNE ,"KEN SYSTEMS, INC ",I-200-16155-826938 
MANASSAS ,VIRGINIA ,20110 ,PRINCE WILLIAM ,UNIPLUS CONSULTANTS INC. ,I-200-16326-686270 
PITTSBURGH ,PENNSYLVANIA ,15205 ,ALLEGHENY ,"COMPUTER ENTERPRISES, INC. ",I-200-16357-356186 
DEERFIELD ,ILLINOIS ,60015 ,LAKE ,"COMPUTER ENTERPRISES, INC. ",I-200-16286-779048 
PITTSBURGH ,PENNSYLVANIA ,15219 ,ALLEGHENY ,"COMPUTER ENTERPRISES, INC. ",I-200-16286-221138 
NEW YORK ,NEW YORK ,10010 ,NEW YORK ,"FORD MODELS, INC. ",I-200-16286-230253 
TARRYTOWN ,NEW YORK ,10591 ,WEST CHESTER ,"REGENERON PHARMACEUTICALS, INC. ",I-200-16315-045173 
BASKING RIDGE ,NEW JERSEY ,07920 ,SOMERSET ,"REGENERON PHARMACEUTICALS, INC. ",I-200-16294-230774 
BASKING RIDGE ,NEW JERSEY ,07920 ,SOMERSET ,"REGENERON PHARMACEUTICALS, INC. ",I-200-16286-233360 
TARRYTOWN ,NEW YORK ,10591 ,WEST CHESTER ,"REGENERON PHARMACEUTICALS, INC. ",I-200-16223-630156 
TARRYTOWN ,NEW YORK ,10591 ,WESTCHESTER ,"REGENERON PHARMACEUTICALS, INC. ",I-200-16139-208447 
TARRYTOWN ,NEW YORK ,10591 ,WESTCHESTER ,"REGENERON PHARMACEUTICALS, INC. ",I-200-16127-068057 
TARRYTOWN ,NEW YORK ,10591 ,WEST CHESTER ,"REGENERON PHARMACEUTICALS, INC. ",I-200-16111-982472 
TARRYTOWN ,NEW YORK ,10591 ,WEST CHESTER ,"REGENERON PHARMACEUTICALS, INC. ",I-200-16084-164469 
TARRYTOWN ,NEW YORK ,10591 ,WESTCHESTER ,"REGENERON PHARMACEUTICALS, INC. ",I-200-16078-940382 
TARRYTOWN ,NEW YORK ,10591 ,WESTCHESTER ,"REGENERON PHARMACEUTICALS, INC. ",I-200-16092-830362 
WARMINSTER ,PENNSYLVANIA ,18974 ,BUCKS ,"INDEPENDENT COMPUTER CONSULTING GROUP, INC. ",I-200-16244-149423 
SUNNYVALE ,CALIFORNIA ,94085 ,SANTA CLARA COUNTY ,"FUJITSU NETWORK COMMUNICATIONS, INC. ",I-200-16301-902132 
RICHARDSON ,TEXAS ,75082 ,COLLIN ,"FUJITSU NETWORK COMMUNICATIONS, INC. ",I-200-16179-716400 
SUNNYVALE ,CALIFORNIA ,94085 ,SANTA CLARA ,"FUJITSU NETWORK COMMUNICATIONS, INC. ",I-200-16173-354874 
SUNNYVALE ,CALIFORNIA ,94085 ,SANTA CLARA ,"FUJITSU NETWORK COMMUNICATIONS, INC. ",I-200-16169-347410 
CELEBRATION ,FLORIDA ,34747 ,OSCEOLA ,GOOD METHODS GLOBAL INC ,I-200-16286-252205 
CELEBRATION ,FLORIDA ,34747 ,OSCEOLA ,GOOD METHODS GLOBAL INC ,I-200-16286-979261 
MURRYSVILLE ,PENNSYLVANIA ,15668 ,WESTMORELAND ,"RESPIRONICS, INC. ",I-200-16292-271433 
MURRYSVILLE ,PENNSYLVANIA ,15668 ,WESTMORELAND ,"RESPIRONICS, INC. ",I-200-16237-704806 
MURRYSVILLE ,PENNSYLVANIA ,15668 ,WESTMORELAND ,"RESPIRONICS, INC. (A PHILIPS OWNED COMPANY) ",I-200-16229-995490 
SPRINGFIELD ,ILLINOIS ,62715 ,SANGAMON ,CYBERBRAINS INC ,I-200-16319-456407 
PEKIN ,ILLINOIS ,61558 ,TAZEWELL ,CYBERBRAINS INC ,I-200-16286-253804 
SCRANTON ,PENNSYLVANIA ,18509 ,LACKAWANNA ,MARYWOOD UNIVERSITY ,I-200-16286-254621 
SCRANTON ,PENNSYLVANIA ,18509 ,LACKAWANNA ,MARYWOOD UNIVERSITY ,I-200-16194-410110 
